name,Email,Phone,Address,Day_of_Birth,Profile
Nguyen Van A 1,nguyenvana1@gmail.com,0123456897,Ho Chi Minh city,2000/01/01,"Like TV 100"", Some special charactor: \ / '' $ ~ & @ # ( ; """
Nguyen Van A 2,nguyenvana2@gmail.com,0123456897,Ho Chi Minh city,2000/01/01,"Like TV 100"", Some special charactor: \ / '' $ ~ & @ # ( ; """
Nguyen Van A 3,nguyenvana3@gmail.com,0123456897,Ho Chi Minh city,2000/01/01,"Like TV 100"", Some special charactor: \ / '' $ ~ & @ # ( ; """
Nguyen Van A 4,nguyenvana4@gmail.com,0123456897,Ho Chi Minh city,2000/01/01,"Like TV 100"", Some special charactor: \ / '' $ ~ & @ # ( ; """
Nguyen Van A 5,nguyenvana5@gmail.com,0123456897,Ho Chi Minh city,2000/01/01,"Like TV 100"", Some special charactor: \ / '' $ ~ & @ # ( ; """
Nguyen Van A 6,nguyenvana6@gmail.com,0123456897,Ho Chi Minh city,2000/01/01,"Like TV 100"", Some special charactor: \ / '' $ ~ & @ # ( ; """
Nguyen Van A 7,nguyenvana7@gmail.com,0123456897,Ho Chi Minh city,2000/01/01,"Like TV 100"", Some special charactor: \ / '' $ ~ & @ # ( ; """
Nguyen Van A 8,nguyenvana8@gmail.com,0123456897,Ho Chi Minh city,2000/01/01,"Like TV 100"", Some special charactor: \ / '' $ ~ & @ # ( ; """
Nguyen Van A 9,nguyenvana9@gmail.com,0123456897,Ho Chi Minh city,2000/01/01,"Like TV 100"", Some special charactor: \ / '' $ ~ & @ # ( ; """
Nguyen Van A 10,nguyenvana10@gmail.com,0123456897,Ho Chi Minh city,2000/01/01,"Like TV 100"", Some special charactor: \ / '' $ ~ & @ # ( ; """
Nguyen Van A 11,nguyenvana11@gmail.com,0123456897,Ho Chi Minh city,2000/01/01,"Like TV 100"", Some special charactor: \ / '' $ ~ & @ # ( ; """
Nguyen Van A 12,nguyenvana12@gmail.com,0123456897,Ho Chi Minh city,2000/01/01,"Like TV 100"", Some special charactor: \ / '' $ ~ & @ # ( ; """
Nguyen Van A 13,nguyenvana13@gmail.com,0123456897,Ho Chi Minh city,2000/01/01,"Like TV 100"", Some special charactor: \ / '' $ ~ & @ # ( ; """
Nguyen Van A 14,nguyenvana14@gmail.com,0123456897,Ho Chi Minh city,2000/01/01,"Like TV 100"", Some special charactor: \ / '' $ ~ & @ # ( ; """
Nguyen Van A 15,nguyenvana15@gmail.com,0123456897,Ho Chi Minh city,2000/01/01,"Like TV 100"", Some special charactor: \ / '' $ ~ & @ # ( ; """
Nguyen Van A 16,nguyenvana16@gmail.com,0123456897,Ho Chi Minh city,2000/01/01,"Like TV 100"", Some special charactor: \ / '' $ ~ & @ # ( ; """
Nguyen Van A 17,nguyenvana17@gmail.com,0123456897,Ho Chi Minh city,2000/01/01,"Like TV 100"", Some special charactor: \ / '' $ ~ & @ # ( ; """
Nguyen Van A 18,nguyenvana18@gmail.com,0123456897,Ho Chi Minh city,2000/01/01,"Like TV 100"", Some special charactor: \ / '' $ ~ & @ # ( ; """
Nguyen Van A 19,nguyenvana19@gmail.com,0123456897,Ho Chi Minh city,2000/01/01,"Like TV 100"", Some special charactor: \ / '' $ ~ & @ # ( ; """
Nguyen Van A 20,nguyenvana20@gmail.com,0123456897,Ho Chi Minh city,2000/01/01,"Like TV 100"", Some special charactor: \ / '' $ ~ & @ # ( ; """
Nguyen Van A 21,nguyenvana21@gmail.com,0123456897,Ho Chi Minh city,2000/01/01,"Like TV 100"", Some special charactor: \ / '' $ ~ & @ # ( ; """
Nguyen Van A 22,nguyenvana22@gmail.com,0123456897,Ho Chi Minh city,2000/01/01,"Like TV 100"", Some special charactor: \ / '' $ ~ & @ # ( ; """
Nguyen Van A 23,nguyenvana23@gmail.com,0123456897,Ho Chi Minh city,2000/01/01,"Like TV 100"", Some special charactor: \ / '' $ ~ & @ # ( ; """
Nguyen Van A 24,nguyenvana24@gmail.com,0123456897,Ho Chi Minh city,2000/01/01,"Like TV 100"", Some special charactor: \ / '' $ ~ & @ # ( ; """
Nguyen Van A 25,nguyenvana25@gmail.com,0123456897,Ho Chi Minh city,2000/01/01,"Like TV 100"", Some special charactor: \ / '' $ ~ & @ # ( ; """
Nguyen Van A 26,nguyenvana26@gmail.com,0123456897,Ho Chi Minh city,2000/01/01,"Like TV 100"", Some special charactor: \ / '' $ ~ & @ # ( ; """
Nguyen Van A 27,nguyenvana27@gmail.com,0123456897,Ho Chi Minh city,2000/01/01,"Like TV 100"", Some special charactor: \ / '' $ ~ & @ # ( ; """
Nguyen Van A 28,nguyenvana28@gmail.com,0123456897,Ho Chi Minh city,2000/01/01,"Like TV 100"", Some special charactor: \ / '' $ ~ & @ # ( ; """
Nguyen Van A 29,nguyenvana29@gmail.com,0123456897,Ho Chi Minh city,2000/01/01,"Like TV 100"", Some special charactor: \ / '' $ ~ & @ # ( ; """
Nguyen Van A 30,nguyenvana30@gmail.com,0123456897,Ho Chi Minh city,2000/01/01,"Like TV 100"", Some special charactor: \ / '' $ ~ & @ # ( ; """
Nguyen Van A 31,nguyenvana31@gmail.com,0123456897,Ho Chi Minh city,2000/01/01,"Like TV 100"", Some special charactor: \ / '' $ ~ & @ # ( ; """
Nguyen Van A 32,nguyenvana32@gmail.com,0123456897,Ho Chi Minh city,2000/01/01,"Like TV 100"", Some special charactor: \ / '' $ ~ & @ # ( ; """
Nguyen Van A 33,nguyenvana33@gmail.com,0123456897,Ho Chi Minh city,2000/01/01,"Like TV 100"", Some special charactor: \ / '' $ ~ & @ # ( ; """
Nguyen Van A 34,nguyenvana34@gmail.com,0123456897,Ho Chi Minh city,2000/01/01,"Like TV 100"", Some special charactor: \ / '' $ ~ & @ # ( ; """
Nguyen Van A 35,nguyenvana35@gmail.com,0123456897,Ho Chi Minh city,2000/01/01,"Like TV 100"", Some special charactor: \ / '' $ ~ & @ # ( ; """
Nguyen Van A 36,nguyenvana36@gmail.com,0123456897,Ho Chi Minh city,2000/01/01,"Like TV 100"", Some special charactor: \ / '' $ ~ & @ # ( ; """
Nguyen Van A 37,nguyenvana37@gmail.com,0123456897,Ho Chi Minh city,2000/01/01,"Like TV 100"", Some special charactor: \ / '' $ ~ & @ # ( ; """
Nguyen Van A 38,nguyenvana38@gmail.com,0123456897,Ho Chi Minh city,2000/01/01,"Like TV 100"", Some special charactor: \ / '' $ ~ & @ # ( ; """
Nguyen Van A 39,nguyenvana39@gmail.com,0123456897,Ho Chi Minh city,2000/01/01,"Like TV 100"", Some special charactor: \ / '' $ ~ & @ # ( ; """
Nguyen Van A 40,nguyenvana40@gmail.com,0123456897,Ho Chi Minh city,2000/01/01,"Like TV 100"", Some special charactor: \ / '' $ ~ & @ # ( ; """
Nguyen Van A 41,nguyenvana41@gmail.com,0123456897,Ho Chi Minh city,2000/01/01,"Like TV 100"", Some special charactor: \ / '' $ ~ & @ # ( ; """
Nguyen Van A 42,nguyenvana42@gmail.com,0123456897,Ho Chi Minh city,2000/01/01,"Like TV 100"", Some special charactor: \ / '' $ ~ & @ # ( ; """
Nguyen Van A 43,nguyenvana43@gmail.com,0123456897,Ho Chi Minh city,2000/01/01,"Like TV 100"", Some special charactor: \ / '' $ ~ & @ # ( ; """
Nguyen Van A 44,nguyenvana44@gmail.com,0123456897,Ho Chi Minh city,2000/01/01,"Like TV 100"", Some special charactor: \ / '' $ ~ & @ # ( ; """
Nguyen Van A 45,nguyenvana45@gmail.com,0123456897,Ho Chi Minh city,2000/01/01,"Like TV 100"", Some special charactor: \ / '' $ ~ & @ # ( ; """
Nguyen Van A 46,nguyenvana46@gmail.com,0123456897,Ho Chi Minh city,2000/01/01,"Like TV 100"", Some special charactor: \ / '' $ ~ & @ # ( ; """
Nguyen Van A 47,nguyenvana47@gmail.com,0123456897,Ho Chi Minh city,2000/01/01,"Like TV 100"", Some special charactor: \ / '' $ ~ & @ # ( ; """
Nguyen Van A 48,nguyenvana48@gmail.com,0123456897,Ho Chi Minh city,2000/01/01,"Like TV 100"", Some special charactor: \ / '' $ ~ & @ # ( ; """
Nguyen Van A 49,nguyenvana49@gmail.com,0123456897,Ho Chi Minh city,2000/01/01,"Like TV 100"", Some special charactor: \ / '' $ ~ & @ # ( ; """
Nguyen Van A 50,nguyenvana50@gmail.com,0123456897,Ho Chi Minh city,2000/01/01,"Like TV 100"", Some special charactor: \ / '' $ ~ & @ # ( ; """
Nguyen Van A 51,nguyenvana51@gmail.com,0123456897,Ho Chi Minh city,2000/01/01,"Like TV 100"", Some special charactor: \ / '' $ ~ & @ # ( ; """
Nguyen Van A 52,nguyenvana52@gmail.com,0123456897,Ho Chi Minh city,2000/01/01,"Like TV 100"", Some special charactor: \ / '' $ ~ & @ # ( ; """
Nguyen Van A 53,nguyenvana53@gmail.com,0123456897,Ho Chi Minh city,2000/01/01,"Like TV 100"", Some special charactor: \ / '' $ ~ & @ # ( ; """
Nguyen Van A 54,nguyenvana54@gmail.com,0123456897,Ho Chi Minh city,2000/01/01,"Like TV 100"", Some special charactor: \ / '' $ ~ & @ # ( ; """
Nguyen Van A 55,nguyenvana55@gmail.com,0123456897,Ho Chi Minh city,2000/01/01,"Like TV 100"", Some special charactor: \ / '' $ ~ & @ # ( ; """
Nguyen Van A 56,nguyenvana56@gmail.com,0123456897,Ho Chi Minh city,2000/01/01,"Like TV 100"", Some special charactor: \ / '' $ ~ & @ # ( ; """
Nguyen Van A 57,nguyenvana57@gmail.com,0123456897,Ho Chi Minh city,2000/01/01,"Like TV 100"", Some special charactor: \ / '' $ ~ & @ # ( ; """
Nguyen Van A 58,nguyenvana58@gmail.com,0123456897,Ho Chi Minh city,2000/01/01,"Like TV 100"", Some special charactor: \ / '' $ ~ & @ # ( ; """
Nguyen Van A 59,nguyenvana59@gmail.com,0123456897,Ho Chi Minh city,2000/01/01,"Like TV 100"", Some special charactor: \ / '' $ ~ & @ # ( ; """
Nguyen Van A 60,nguyenvana60@gmail.com,0123456897,Ho Chi Minh city,2000/01/01,"Like TV 100"", Some special charactor: \ / '' $ ~ & @ # ( ; """
Nguyen Van A 61,nguyenvana61@gmail.com,0123456897,Ho Chi Minh city,2000/01/01,"Like TV 100"", Some special charactor: \ / '' $ ~ & @ # ( ; """
Nguyen Van A 62,nguyenvana62@gmail.com,0123456897,Ho Chi Minh city,2000/01/01,"Like TV 100"", Some special charactor: \ / '' $ ~ & @ # ( ; """
Nguyen Van A 63,nguyenvana63@gmail.com,0123456897,Ho Chi Minh city,2000/01/01,"Like TV 100"", Some special charactor: \ / '' $ ~ & @ # ( ; """
Nguyen Van A 64,nguyenvana64@gmail.com,0123456897,Ho Chi Minh city,2000/01/01,"Like TV 100"", Some special charactor: \ / '' $ ~ & @ # ( ; """
Nguyen Van A 65,nguyenvana65@gmail.com,0123456897,Ho Chi Minh city,2000/01/01,"Like TV 100"", Some special charactor: \ / '' $ ~ & @ # ( ; """
Nguyen Van A 66,nguyenvana66@gmail.com,0123456897,Ho Chi Minh city,2000/01/01,"Like TV 100"", Some special charactor: \ / '' $ ~ & @ # ( ; """
Nguyen Van A 67,nguyenvana67@gmail.com,0123456897,Ho Chi Minh city,2000/01/01,"Like TV 100"", Some special charactor: \ / '' $ ~ & @ # ( ; """
Nguyen Van A 68,nguyenvana68@gmail.com,0123456897,Ho Chi Minh city,2000/01/01,"Like TV 100"", Some special charactor: \ / '' $ ~ & @ # ( ; """
Nguyen Van A 69,nguyenvana69@gmail.com,0123456897,Ho Chi Minh city,2000/01/01,"Like TV 100"", Some special charactor: \ / '' $ ~ & @ # ( ; """
Nguyen Van A 70,nguyenvana70@gmail.com,0123456897,Ho Chi Minh city,2000/01/01,"Like TV 100"", Some special charactor: \ / '' $ ~ & @ # ( ; """
Nguyen Van A 71,nguyenvana71@gmail.com,0123456897,Ho Chi Minh city,2000/01/01,"Like TV 100"", Some special charactor: \ / '' $ ~ & @ # ( ; """
Nguyen Van A 72,nguyenvana72@gmail.com,0123456897,Ho Chi Minh city,2000/01/01,"Like TV 100"", Some special charactor: \ / '' $ ~ & @ # ( ; """
Nguyen Van A 73,nguyenvana73@gmail.com,0123456897,Ho Chi Minh city,2000/01/01,"Like TV 100"", Some special charactor: \ / '' $ ~ & @ # ( ; """
Nguyen Van A 74,nguyenvana74@gmail.com,0123456897,Ho Chi Minh city,2000/01/01,"Like TV 100"", Some special charactor: \ / '' $ ~ & @ # ( ; """
Nguyen Van A 75,nguyenvana75@gmail.com,0123456897,Ho Chi Minh city,2000/01/01,"Like TV 100"", Some special charactor: \ / '' $ ~ & @ # ( ; """
Nguyen Van A 76,nguyenvana76@gmail.com,0123456897,Ho Chi Minh city,2000/01/01,"Like TV 100"", Some special charactor: \ / '' $ ~ & @ # ( ; """
Nguyen Van A 77,nguyenvana77@gmail.com,0123456897,Ho Chi Minh city,2000/01/01,"Like TV 100"", Some special charactor: \ / '' $ ~ & @ # ( ; """
Nguyen Van A 78,nguyenvana78@gmail.com,0123456897,Ho Chi Minh city,2000/01/01,"Like TV 100"", Some special charactor: \ / '' $ ~ & @ # ( ; """
Nguyen Van A 79,nguyenvana79@gmail.com,0123456897,Ho Chi Minh city,2000/01/01,"Like TV 100"", Some special charactor: \ / '' $ ~ & @ # ( ; """
Nguyen Van A 80,nguyenvana80@gmail.com,0123456897,Ho Chi Minh city,2000/01/01,"Like TV 100"", Some special charactor: \ / '' $ ~ & @ # ( ; """
Nguyen Van A 81,nguyenvana81@gmail.com,0123456897,Ho Chi Minh city,2000/01/01,"Like TV 100"", Some special charactor: \ / '' $ ~ & @ # ( ; """
Nguyen Van A 82,nguyenvana82@gmail.com,0123456897,Ho Chi Minh city,2000/01/01,"Like TV 100"", Some special charactor: \ / '' $ ~ & @ # ( ; """
Nguyen Van A 83,nguyenvana83@gmail.com,0123456897,Ho Chi Minh city,2000/01/01,"Like TV 100"", Some special charactor: \ / '' $ ~ & @ # ( ; """
Nguyen Van A 84,nguyenvana84@gmail.com,0123456897,Ho Chi Minh city,2000/01/01,"Like TV 100"", Some special charactor: \ / '' $ ~ & @ # ( ; """
Nguyen Van A 85,nguyenvana85@gmail.com,0123456897,Ho Chi Minh city,2000/01/01,"Like TV 100"", Some special charactor: \ / '' $ ~ & @ # ( ; """
Nguyen Van A 86,nguyenvana86@gmail.com,0123456897,Ho Chi Minh city,2000/01/01,"Like TV 100"", Some special charactor: \ / '' $ ~ & @ # ( ; """
Nguyen Van A 87,nguyenvana87@gmail.com,0123456897,Ho Chi Minh city,2000/01/01,"Like TV 100"", Some special charactor: \ / '' $ ~ & @ # ( ; """
Nguyen Van A 88,nguyenvana88@gmail.com,0123456897,Ho Chi Minh city,2000/01/01,"Like TV 100"", Some special charactor: \ / '' $ ~ & @ # ( ; """
Nguyen Van A 89,nguyenvana89@gmail.com,0123456897,Ho Chi Minh city,2000/01/01,"Like TV 100"", Some special charactor: \ / '' $ ~ & @ # ( ; """
Nguyen Van A 90,nguyenvana90@gmail.com,0123456897,Ho Chi Minh city,2000/01/01,"Like TV 100"", Some special charactor: \ / '' $ ~ & @ # ( ; """
Nguyen Van A 91,nguyenvana91@gmail.com,0123456897,Ho Chi Minh city,2000/01/01,"Like TV 100"", Some special charactor: \ / '' $ ~ & @ # ( ; """
Nguyen Van A 92,nguyenvana92@gmail.com,0123456897,Ho Chi Minh city,2000/01/01,"Like TV 100"", Some special charactor: \ / '' $ ~ & @ # ( ; """
Nguyen Van A 93,nguyenvana93@gmail.com,0123456897,Ho Chi Minh city,2000/01/01,"Like TV 100"", Some special charactor: \ / '' $ ~ & @ # ( ; """
Nguyen Van A 94,nguyenvana94@gmail.com,0123456897,Ho Chi Minh city,2000/01/01,"Like TV 100"", Some special charactor: \ / '' $ ~ & @ # ( ; """
Nguyen Van A 95,nguyenvana95@gmail.com,0123456897,Ho Chi Minh city,2000/01/01,"Like TV 100"", Some special charactor: \ / '' $ ~ & @ # ( ; """
Nguyen Van A 96,nguyenvana96@gmail.com,0123456897,Ho Chi Minh city,2000/01/01,"Like TV 100"", Some special charactor: \ / '' $ ~ & @ # ( ; """
Nguyen Van A 97,nguyenvana97@gmail.com,0123456897,Ho Chi Minh city,2000/01/01,"Like TV 100"", Some special charactor: \ / '' $ ~ & @ # ( ; """
Nguyen Van A 98,nguyenvana98@gmail.com,0123456897,Ho Chi Minh city,2000/01/01,"Like TV 100"", Some special charactor: \ / '' $ ~ & @ # ( ; """
Nguyen Van A 99,nguyenvana99@gmail.com,0123456897,Ho Chi Minh city,2000/01/01,"Like TV 100"", Some special charactor: \ / '' $ ~ & @ # ( ; """
Nguyen Van A 100,nguyenvana100@gmail.com,0123456897,Ho Chi Minh city,2000/01/01,"Like TV 100"", Some special charactor: \ / '' $ ~ & @ # ( ; """
Nguyen Van A 101,nguyenvana101@gmail.com,0123456897,Ho Chi Minh city,2000/01/01,"Like TV 100"", Some special charactor: \ / '' $ ~ & @ # ( ; """
Nguyen Van A 102,nguyenvana102@gmail.com,0123456897,Ho Chi Minh city,2000/01/01,"Like TV 100"", Some special charactor: \ / '' $ ~ & @ # ( ; """
Nguyen Van A 103,nguyenvana103@gmail.com,0123456897,Ho Chi Minh city,2000/01/01,"Like TV 100"", Some special charactor: \ / '' $ ~ & @ # ( ; """
Nguyen Van A 104,nguyenvana104@gmail.com,0123456897,Ho Chi Minh city,2000/01/01,"Like TV 100"", Some special charactor: \ / '' $ ~ & @ # ( ; """
Nguyen Van A 105,nguyenvana105@gmail.com,0123456897,Ho Chi Minh city,2000/01/01,"Like TV 100"", Some special charactor: \ / '' $ ~ & @ # ( ; """
Nguyen Van A 106,nguyenvana106@gmail.com,0123456897,Ho Chi Minh city,2000/01/01,"Like TV 100"", Some special charactor: \ / '' $ ~ & @ # ( ; """
Nguyen Van A 107,nguyenvana107@gmail.com,0123456897,Ho Chi Minh city,2000/01/01,"Like TV 100"", Some special charactor: \ / '' $ ~ & @ # ( ; """
Nguyen Van A 108,nguyenvana108@gmail.com,0123456897,Ho Chi Minh city,2000/01/01,"Like TV 100"", Some special charactor: \ / '' $ ~ & @ # ( ; """
Nguyen Van A 109,nguyenvana109@gmail.com,0123456897,Ho Chi Minh city,2000/01/01,"Like TV 100"", Some special charactor: \ / '' $ ~ & @ # ( ; """
Nguyen Van A 110,nguyenvana110@gmail.com,0123456897,Ho Chi Minh city,2000/01/01,"Like TV 100"", Some special charactor: \ / '' $ ~ & @ # ( ; """
Nguyen Van A 111,nguyenvana111@gmail.com,0123456897,Ho Chi Minh city,2000/01/01,"Like TV 100"", Some special charactor: \ / '' $ ~ & @ # ( ; """
Nguyen Van A 112,nguyenvana112@gmail.com,0123456897,Ho Chi Minh city,2000/01/01,"Like TV 100"", Some special charactor: \ / '' $ ~ & @ # ( ; """
Nguyen Van A 113,nguyenvana113@gmail.com,0123456897,Ho Chi Minh city,2000/01/01,"Like TV 100"", Some special charactor: \ / '' $ ~ & @ # ( ; """
Nguyen Van A 114,nguyenvana114@gmail.com,0123456897,Ho Chi Minh city,2000/01/01,"Like TV 100"", Some special charactor: \ / '' $ ~ & @ # ( ; """
Nguyen Van A 115,nguyenvana115@gmail.com,0123456897,Ho Chi Minh city,2000/01/01,"Like TV 100"", Some special charactor: \ / '' $ ~ & @ # ( ; """
Nguyen Van A 116,nguyenvana116@gmail.com,0123456897,Ho Chi Minh city,2000/01/01,"Like TV 100"", Some special charactor: \ / '' $ ~ & @ # ( ; """
Nguyen Van A 117,nguyenvana117@gmail.com,0123456897,Ho Chi Minh city,2000/01/01,"Like TV 100"", Some special charactor: \ / '' $ ~ & @ # ( ; """
Nguyen Van A 118,nguyenvana118@gmail.com,0123456897,Ho Chi Minh city,2000/01/01,"Like TV 100"", Some special charactor: \ / '' $ ~ & @ # ( ; """
Nguyen Van A 119,nguyenvana119@gmail.com,0123456897,Ho Chi Minh city,2000/01/01,"Like TV 100"", Some special charactor: \ / '' $ ~ & @ # ( ; """
Nguyen Van A 120,nguyenvana120@gmail.com,0123456897,Ho Chi Minh city,2000/01/01,"Like TV 100"", Some special charactor: \ / '' $ ~ & @ # ( ; """
Nguyen Van A 121,nguyenvana121@gmail.com,0123456897,Ho Chi Minh city,2000/01/01,"Like TV 100"", Some special charactor: \ / '' $ ~ & @ # ( ; """
Nguyen Van A 122,nguyenvana122@gmail.com,0123456897,Ho Chi Minh city,2000/01/01,"Like TV 100"", Some special charactor: \ / '' $ ~ & @ # ( ; """
Nguyen Van A 123,nguyenvana123@gmail.com,0123456897,Ho Chi Minh city,2000/01/01,"Like TV 100"", Some special charactor: \ / '' $ ~ & @ # ( ; """
Nguyen Van A 124,nguyenvana124@gmail.com,0123456897,Ho Chi Minh city,2000/01/01,"Like TV 100"", Some special charactor: \ / '' $ ~ & @ # ( ; """
Nguyen Van A 125,nguyenvana125@gmail.com,0123456897,Ho Chi Minh city,2000/01/01,"Like TV 100"", Some special charactor: \ / '' $ ~ & @ # ( ; """
Nguyen Van A 126,nguyenvana126@gmail.com,0123456897,Ho Chi Minh city,2000/01/01,"Like TV 100"", Some special charactor: \ / '' $ ~ & @ # ( ; """
Nguyen Van A 127,nguyenvana127@gmail.com,0123456897,Ho Chi Minh city,2000/01/01,"Like TV 100"", Some special charactor: \ / '' $ ~ & @ # ( ; """
Nguyen Van A 128,nguyenvana128@gmail.com,0123456897,Ho Chi Minh city,2000/01/01,"Like TV 100"", Some special charactor: \ / '' $ ~ & @ # ( ; """
Nguyen Van A 129,nguyenvana129@gmail.com,0123456897,Ho Chi Minh city,2000/01/01,"Like TV 100"", Some special charactor: \ / '' $ ~ & @ # ( ; """
Nguyen Van A 130,nguyenvana130@gmail.com,0123456897,Ho Chi Minh city,2000/01/01,"Like TV 100"", Some special charactor: \ / '' $ ~ & @ # ( ; """
Nguyen Van A 131,nguyenvana131@gmail.com,0123456897,Ho Chi Minh city,2000/01/01,"Like TV 100"", Some special charactor: \ / '' $ ~ & @ # ( ; """
Nguyen Van A 132,nguyenvana132@gmail.com,0123456897,Ho Chi Minh city,2000/01/01,"Like TV 100"", Some special charactor: \ / '' $ ~ & @ # ( ; """
Nguyen Van A 133,nguyenvana133@gmail.com,0123456897,Ho Chi Minh city,2000/01/01,"Like TV 100"", Some special charactor: \ / '' $ ~ & @ # ( ; """
Nguyen Van A 134,nguyenvana134@gmail.com,0123456897,Ho Chi Minh city,2000/01/01,"Like TV 100"", Some special charactor: \ / '' $ ~ & @ # ( ; """
Nguyen Van A 135,nguyenvana135@gmail.com,0123456897,Ho Chi Minh city,2000/01/01,"Like TV 100"", Some special charactor: \ / '' $ ~ & @ # ( ; """
Nguyen Van A 136,nguyenvana136@gmail.com,0123456897,Ho Chi Minh city,2000/01/01,"Like TV 100"", Some special charactor: \ / '' $ ~ & @ # ( ; """
Nguyen Van A 137,nguyenvana137@gmail.com,0123456897,Ho Chi Minh city,2000/01/01,"Like TV 100"", Some special charactor: \ / '' $ ~ & @ # ( ; """
Nguyen Van A 138,nguyenvana138@gmail.com,0123456897,Ho Chi Minh city,2000/01/01,"Like TV 100"", Some special charactor: \ / '' $ ~ & @ # ( ; """
Nguyen Van A 139,nguyenvana139@gmail.com,0123456897,Ho Chi Minh city,2000/01/01,"Like TV 100"", Some special charactor: \ / '' $ ~ & @ # ( ; """
Nguyen Van A 140,nguyenvana140@gmail.com,0123456897,Ho Chi Minh city,2000/01/01,"Like TV 100"", Some special charactor: \ / '' $ ~ & @ # ( ; """
Nguyen Van A 141,nguyenvana141@gmail.com,0123456897,Ho Chi Minh city,2000/01/01,"Like TV 100"", Some special charactor: \ / '' $ ~ & @ # ( ; """
Nguyen Van A 142,nguyenvana142@gmail.com,0123456897,Ho Chi Minh city,2000/01/01,"Like TV 100"", Some special charactor: \ / '' $ ~ & @ # ( ; """
Nguyen Van A 143,nguyenvana143@gmail.com,0123456897,Ho Chi Minh city,2000/01/01,"Like TV 100"", Some special charactor: \ / '' $ ~ & @ # ( ; """
Nguyen Van A 144,nguyenvana144@gmail.com,0123456897,Ho Chi Minh city,2000/01/01,"Like TV 100"", Some special charactor: \ / '' $ ~ & @ # ( ; """
Nguyen Van A 145,nguyenvana145@gmail.com,0123456897,Ho Chi Minh city,2000/01/01,"Like TV 100"", Some special charactor: \ / '' $ ~ & @ # ( ; """
Nguyen Van A 146,nguyenvana146@gmail.com,0123456897,Ho Chi Minh city,2000/01/01,"Like TV 100"", Some special charactor: \ / '' $ ~ & @ # ( ; """
Nguyen Van A 147,nguyenvana147@gmail.com,0123456897,Ho Chi Minh city,2000/01/01,"Like TV 100"", Some special charactor: \ / '' $ ~ & @ # ( ; """
Nguyen Van A 148,nguyenvana148@gmail.com,0123456897,Ho Chi Minh city,2000/01/01,"Like TV 100"", Some special charactor: \ / '' $ ~ & @ # ( ; """
Nguyen Van A 149,nguyenvana149@gmail.com,0123456897,Ho Chi Minh city,2000/01/01,"Like TV 100"", Some special charactor: \ / '' $ ~ & @ # ( ; """
Nguyen Van A 150,nguyenvana150@gmail.com,0123456897,Ho Chi Minh city,2000/01/01,"Like TV 100"", Some special charactor: \ / '' $ ~ & @ # ( ; """
Nguyen Van A 151,nguyenvana151@gmail.com,0123456897,Ho Chi Minh city,2000/01/01,"Like TV 100"", Some special charactor: \ / '' $ ~ & @ # ( ; """
Nguyen Van A 152,nguyenvana152@gmail.com,0123456897,Ho Chi Minh city,2000/01/01,"Like TV 100"", Some special charactor: \ / '' $ ~ & @ # ( ; """
Nguyen Van A 153,nguyenvana153@gmail.com,0123456897,Ho Chi Minh city,2000/01/01,"Like TV 100"", Some special charactor: \ / '' $ ~ & @ # ( ; """
Nguyen Van A 154,nguyenvana154@gmail.com,0123456897,Ho Chi Minh city,2000/01/01,"Like TV 100"", Some special charactor: \ / '' $ ~ & @ # ( ; """
Nguyen Van A 155,nguyenvana155@gmail.com,0123456897,Ho Chi Minh city,2000/01/01,"Like TV 100"", Some special charactor: \ / '' $ ~ & @ # ( ; """
Nguyen Van A 156,nguyenvana156@gmail.com,0123456897,Ho Chi Minh city,2000/01/01,"Like TV 100"", Some special charactor: \ / '' $ ~ & @ # ( ; """
Nguyen Van A 157,nguyenvana157@gmail.com,0123456897,Ho Chi Minh city,2000/01/01,"Like TV 100"", Some special charactor: \ / '' $ ~ & @ # ( ; """
Nguyen Van A 158,nguyenvana158@gmail.com,0123456897,Ho Chi Minh city,2000/01/01,"Like TV 100"", Some special charactor: \ / '' $ ~ & @ # ( ; """
Nguyen Van A 159,nguyenvana159@gmail.com,0123456897,Ho Chi Minh city,2000/01/01,"Like TV 100"", Some special charactor: \ / '' $ ~ & @ # ( ; """
Nguyen Van A 160,nguyenvana160@gmail.com,0123456897,Ho Chi Minh city,2000/01/01,"Like TV 100"", Some special charactor: \ / '' $ ~ & @ # ( ; """
Nguyen Van A 161,nguyenvana161@gmail.com,0123456897,Ho Chi Minh city,2000/01/01,"Like TV 100"", Some special charactor: \ / '' $ ~ & @ # ( ; """
Nguyen Van A 162,nguyenvana162@gmail.com,0123456897,Ho Chi Minh city,2000/01/01,"Like TV 100"", Some special charactor: \ / '' $ ~ & @ # ( ; """
Nguyen Van A 163,nguyenvana163@gmail.com,0123456897,Ho Chi Minh city,2000/01/01,"Like TV 100"", Some special charactor: \ / '' $ ~ & @ # ( ; """
Nguyen Van A 164,nguyenvana164@gmail.com,0123456897,Ho Chi Minh city,2000/01/01,"Like TV 100"", Some special charactor: \ / '' $ ~ & @ # ( ; """
Nguyen Van A 165,nguyenvana165@gmail.com,0123456897,Ho Chi Minh city,2000/01/01,"Like TV 100"", Some special charactor: \ / '' $ ~ & @ # ( ; """
Nguyen Van A 166,nguyenvana166@gmail.com,0123456897,Ho Chi Minh city,2000/01/01,"Like TV 100"", Some special charactor: \ / '' $ ~ & @ # ( ; """
Nguyen Van A 167,nguyenvana167@gmail.com,0123456897,Ho Chi Minh city,2000/01/01,"Like TV 100"", Some special charactor: \ / '' $ ~ & @ # ( ; """
Nguyen Van A 168,nguyenvana168@gmail.com,0123456897,Ho Chi Minh city,2000/01/01,"Like TV 100"", Some special charactor: \ / '' $ ~ & @ # ( ; """
Nguyen Van A 169,nguyenvana169@gmail.com,0123456897,Ho Chi Minh city,2000/01/01,"Like TV 100"", Some special charactor: \ / '' $ ~ & @ # ( ; """
Nguyen Van A 170,nguyenvana170@gmail.com,0123456897,Ho Chi Minh city,2000/01/01,"Like TV 100"", Some special charactor: \ / '' $ ~ & @ # ( ; """
Nguyen Van A 171,nguyenvana171@gmail.com,0123456897,Ho Chi Minh city,2000/01/01,"Like TV 100"", Some special charactor: \ / '' $ ~ & @ # ( ; """
Nguyen Van A 172,nguyenvana172@gmail.com,0123456897,Ho Chi Minh city,2000/01/01,"Like TV 100"", Some special charactor: \ / '' $ ~ & @ # ( ; """
Nguyen Van A 173,nguyenvana173@gmail.com,0123456897,Ho Chi Minh city,2000/01/01,"Like TV 100"", Some special charactor: \ / '' $ ~ & @ # ( ; """
Nguyen Van A 174,nguyenvana174@gmail.com,0123456897,Ho Chi Minh city,2000/01/01,"Like TV 100"", Some special charactor: \ / '' $ ~ & @ # ( ; """
Nguyen Van A 175,nguyenvana175@gmail.com,0123456897,Ho Chi Minh city,2000/01/01,"Like TV 100"", Some special charactor: \ / '' $ ~ & @ # ( ; """
Nguyen Van A 176,nguyenvana176@gmail.com,0123456897,Ho Chi Minh city,2000/01/01,"Like TV 100"", Some special charactor: \ / '' $ ~ & @ # ( ; """
Nguyen Van A 177,nguyenvana177@gmail.com,0123456897,Ho Chi Minh city,2000/01/01,"Like TV 100"", Some special charactor: \ / '' $ ~ & @ # ( ; """
Nguyen Van A 178,nguyenvana178@gmail.com,0123456897,Ho Chi Minh city,2000/01/01,"Like TV 100"", Some special charactor: \ / '' $ ~ & @ # ( ; """
Nguyen Van A 179,nguyenvana179@gmail.com,0123456897,Ho Chi Minh city,2000/01/01,"Like TV 100"", Some special charactor: \ / '' $ ~ & @ # ( ; """
Nguyen Van A 180,nguyenvana180@gmail.com,0123456897,Ho Chi Minh city,2000/01/01,"Like TV 100"", Some special charactor: \ / '' $ ~ & @ # ( ; """
Nguyen Van A 181,nguyenvana181@gmail.com,0123456897,Ho Chi Minh city,2000/01/01,"Like TV 100"", Some special charactor: \ / '' $ ~ & @ # ( ; """
Nguyen Van A 182,nguyenvana182@gmail.com,0123456897,Ho Chi Minh city,2000/01/01,"Like TV 100"", Some special charactor: \ / '' $ ~ & @ # ( ; """
Nguyen Van A 183,nguyenvana183@gmail.com,0123456897,Ho Chi Minh city,2000/01/01,"Like TV 100"", Some special charactor: \ / '' $ ~ & @ # ( ; """
Nguyen Van A 184,nguyenvana184@gmail.com,0123456897,Ho Chi Minh city,2000/01/01,"Like TV 100"", Some special charactor: \ / '' $ ~ & @ # ( ; """
Nguyen Van A 185,nguyenvana185@gmail.com,0123456897,Ho Chi Minh city,2000/01/01,"Like TV 100"", Some special charactor: \ / '' $ ~ & @ # ( ; """
Nguyen Van A 186,nguyenvana186@gmail.com,0123456897,Ho Chi Minh city,2000/01/01,"Like TV 100"", Some special charactor: \ / '' $ ~ & @ # ( ; """
Nguyen Van A 187,nguyenvana187@gmail.com,0123456897,Ho Chi Minh city,2000/01/01,"Like TV 100"", Some special charactor: \ / '' $ ~ & @ # ( ; """
Nguyen Van A 188,nguyenvana188@gmail.com,0123456897,Ho Chi Minh city,2000/01/01,"Like TV 100"", Some special charactor: \ / '' $ ~ & @ # ( ; """
Nguyen Van A 189,nguyenvana189@gmail.com,0123456897,Ho Chi Minh city,2000/01/01,"Like TV 100"", Some special charactor: \ / '' $ ~ & @ # ( ; """
Nguyen Van A 190,nguyenvana190@gmail.com,0123456897,Ho Chi Minh city,2000/01/01,"Like TV 100"", Some special charactor: \ / '' $ ~ & @ # ( ; """
Nguyen Van A 191,nguyenvana191@gmail.com,0123456897,Ho Chi Minh city,2000/01/01,"Like TV 100"", Some special charactor: \ / '' $ ~ & @ # ( ; """
Nguyen Van A 192,nguyenvana192@gmail.com,0123456897,Ho Chi Minh city,2000/01/01,"Like TV 100"", Some special charactor: \ / '' $ ~ & @ # ( ; """
Nguyen Van A 193,nguyenvana193@gmail.com,0123456897,Ho Chi Minh city,2000/01/01,"Like TV 100"", Some special charactor: \ / '' $ ~ & @ # ( ; """
Nguyen Van A 194,nguyenvana194@gmail.com,0123456897,Ho Chi Minh city,2000/01/01,"Like TV 100"", Some special charactor: \ / '' $ ~ & @ # ( ; """
Nguyen Van A 195,nguyenvana195@gmail.com,0123456897,Ho Chi Minh city,2000/01/01,"Like TV 100"", Some special charactor: \ / '' $ ~ & @ # ( ; """
Nguyen Van A 196,nguyenvana196@gmail.com,0123456897,Ho Chi Minh city,2000/01/01,"Like TV 100"", Some special charactor: \ / '' $ ~ & @ # ( ; """
Nguyen Van A 197,nguyenvana197@gmail.com,0123456897,Ho Chi Minh city,2000/01/01,"Like TV 100"", Some special charactor: \ / '' $ ~ & @ # ( ; """
Nguyen Van A 198,nguyenvana198@gmail.com,0123456897,Ho Chi Minh city,2000/01/01,"Like TV 100"", Some special charactor: \ / '' $ ~ & @ # ( ; """
Nguyen Van A 199,nguyenvana199@gmail.com,0123456897,Ho Chi Minh city,2000/01/01,"Like TV 100"", Some special charactor: \ / '' $ ~ & @ # ( ; """
Nguyen Van A 200,nguyenvana200@gmail.com,0123456897,Ho Chi Minh city,2000/01/01,"Like TV 100"", Some special charactor: \ / '' $ ~ & @ # ( ; """
Nguyen Van A 201,nguyenvana201@gmail.com,0123456897,Ho Chi Minh city,2000/01/01,"Like TV 100"", Some special charactor: \ / '' $ ~ & @ # ( ; """
Nguyen Van A 202,nguyenvana202@gmail.com,0123456897,Ho Chi Minh city,2000/01/01,"Like TV 100"", Some special charactor: \ / '' $ ~ & @ # ( ; """
Nguyen Van A 203,nguyenvana203@gmail.com,0123456897,Ho Chi Minh city,2000/01/01,"Like TV 100"", Some special charactor: \ / '' $ ~ & @ # ( ; """
Nguyen Van A 204,nguyenvana204@gmail.com,0123456897,Ho Chi Minh city,2000/01/01,"Like TV 100"", Some special charactor: \ / '' $ ~ & @ # ( ; """
Nguyen Van A 205,nguyenvana205@gmail.com,0123456897,Ho Chi Minh city,2000/01/01,"Like TV 100"", Some special charactor: \ / '' $ ~ & @ # ( ; """
Nguyen Van A 206,nguyenvana206@gmail.com,0123456897,Ho Chi Minh city,2000/01/01,"Like TV 100"", Some special charactor: \ / '' $ ~ & @ # ( ; """
Nguyen Van A 207,nguyenvana207@gmail.com,0123456897,Ho Chi Minh city,2000/01/01,"Like TV 100"", Some special charactor: \ / '' $ ~ & @ # ( ; """
Nguyen Van A 208,nguyenvana208@gmail.com,0123456897,Ho Chi Minh city,2000/01/01,"Like TV 100"", Some special charactor: \ / '' $ ~ & @ # ( ; """
Nguyen Van A 209,nguyenvana209@gmail.com,0123456897,Ho Chi Minh city,2000/01/01,"Like TV 100"", Some special charactor: \ / '' $ ~ & @ # ( ; """
Nguyen Van A 210,nguyenvana210@gmail.com,0123456897,Ho Chi Minh city,2000/01/01,"Like TV 100"", Some special charactor: \ / '' $ ~ & @ # ( ; """
Nguyen Van A 211,nguyenvana211@gmail.com,0123456897,Ho Chi Minh city,2000/01/01,"Like TV 100"", Some special charactor: \ / '' $ ~ & @ # ( ; """
Nguyen Van A 212,nguyenvana212@gmail.com,0123456897,Ho Chi Minh city,2000/01/01,"Like TV 100"", Some special charactor: \ / '' $ ~ & @ # ( ; """
Nguyen Van A 213,nguyenvana213@gmail.com,0123456897,Ho Chi Minh city,2000/01/01,"Like TV 100"", Some special charactor: \ / '' $ ~ & @ # ( ; """
Nguyen Van A 214,nguyenvana214@gmail.com,0123456897,Ho Chi Minh city,2000/01/01,"Like TV 100"", Some special charactor: \ / '' $ ~ & @ # ( ; """
Nguyen Van A 215,nguyenvana215@gmail.com,0123456897,Ho Chi Minh city,2000/01/01,"Like TV 100"", Some special charactor: \ / '' $ ~ & @ # ( ; """
Nguyen Van A 216,nguyenvana216@gmail.com,0123456897,Ho Chi Minh city,2000/01/01,"Like TV 100"", Some special charactor: \ / '' $ ~ & @ # ( ; """
Nguyen Van A 217,nguyenvana217@gmail.com,0123456897,Ho Chi Minh city,2000/01/01,"Like TV 100"", Some special charactor: \ / '' $ ~ & @ # ( ; """
Nguyen Van A 218,nguyenvana218@gmail.com,0123456897,Ho Chi Minh city,2000/01/01,"Like TV 100"", Some special charactor: \ / '' $ ~ & @ # ( ; """
Nguyen Van A 219,nguyenvana219@gmail.com,0123456897,Ho Chi Minh city,2000/01/01,"Like TV 100"", Some special charactor: \ / '' $ ~ & @ # ( ; """
Nguyen Van A 220,nguyenvana220@gmail.com,0123456897,Ho Chi Minh city,2000/01/01,"Like TV 100"", Some special charactor: \ / '' $ ~ & @ # ( ; """
Nguyen Van A 221,nguyenvana221@gmail.com,0123456897,Ho Chi Minh city,2000/01/01,"Like TV 100"", Some special charactor: \ / '' $ ~ & @ # ( ; """
Nguyen Van A 222,nguyenvana222@gmail.com,0123456897,Ho Chi Minh city,2000/01/01,"Like TV 100"", Some special charactor: \ / '' $ ~ & @ # ( ; """
Nguyen Van A 223,nguyenvana223@gmail.com,0123456897,Ho Chi Minh city,2000/01/01,"Like TV 100"", Some special charactor: \ / '' $ ~ & @ # ( ; """
Nguyen Van A 224,nguyenvana224@gmail.com,0123456897,Ho Chi Minh city,2000/01/01,"Like TV 100"", Some special charactor: \ / '' $ ~ & @ # ( ; """
Nguyen Van A 225,nguyenvana225@gmail.com,0123456897,Ho Chi Minh city,2000/01/01,"Like TV 100"", Some special charactor: \ / '' $ ~ & @ # ( ; """
Nguyen Van A 226,nguyenvana226@gmail.com,0123456897,Ho Chi Minh city,2000/01/01,"Like TV 100"", Some special charactor: \ / '' $ ~ & @ # ( ; """
Nguyen Van A 227,nguyenvana227@gmail.com,0123456897,Ho Chi Minh city,2000/01/01,"Like TV 100"", Some special charactor: \ / '' $ ~ & @ # ( ; """
Nguyen Van A 228,nguyenvana228@gmail.com,0123456897,Ho Chi Minh city,2000/01/01,"Like TV 100"", Some special charactor: \ / '' $ ~ & @ # ( ; """
Nguyen Van A 229,nguyenvana229@gmail.com,0123456897,Ho Chi Minh city,2000/01/01,"Like TV 100"", Some special charactor: \ / '' $ ~ & @ # ( ; """
Nguyen Van A 230,nguyenvana230@gmail.com,0123456897,Ho Chi Minh city,2000/01/01,"Like TV 100"", Some special charactor: \ / '' $ ~ & @ # ( ; """
Nguyen Van A 231,nguyenvana231@gmail.com,0123456897,Ho Chi Minh city,2000/01/01,"Like TV 100"", Some special charactor: \ / '' $ ~ & @ # ( ; """
Nguyen Van A 232,nguyenvana232@gmail.com,0123456897,Ho Chi Minh city,2000/01/01,"Like TV 100"", Some special charactor: \ / '' $ ~ & @ # ( ; """
Nguyen Van A 233,nguyenvana233@gmail.com,0123456897,Ho Chi Minh city,2000/01/01,"Like TV 100"", Some special charactor: \ / '' $ ~ & @ # ( ; """
Nguyen Van A 234,nguyenvana234@gmail.com,0123456897,Ho Chi Minh city,2000/01/01,"Like TV 100"", Some special charactor: \ / '' $ ~ & @ # ( ; """
Nguyen Van A 235,nguyenvana235@gmail.com,0123456897,Ho Chi Minh city,2000/01/01,"Like TV 100"", Some special charactor: \ / '' $ ~ & @ # ( ; """
Nguyen Van A 236,nguyenvana236@gmail.com,0123456897,Ho Chi Minh city,2000/01/01,"Like TV 100"", Some special charactor: \ / '' $ ~ & @ # ( ; """
Nguyen Van A 237,nguyenvana237@gmail.com,0123456897,Ho Chi Minh city,2000/01/01,"Like TV 100"", Some special charactor: \ / '' $ ~ & @ # ( ; """
Nguyen Van A 238,nguyenvana238@gmail.com,0123456897,Ho Chi Minh city,2000/01/01,"Like TV 100"", Some special charactor: \ / '' $ ~ & @ # ( ; """
Nguyen Van A 239,nguyenvana239@gmail.com,0123456897,Ho Chi Minh city,2000/01/01,"Like TV 100"", Some special charactor: \ / '' $ ~ & @ # ( ; """
Nguyen Van A 240,nguyenvana240@gmail.com,0123456897,Ho Chi Minh city,2000/01/01,"Like TV 100"", Some special charactor: \ / '' $ ~ & @ # ( ; """
Nguyen Van A 241,nguyenvana241@gmail.com,0123456897,Ho Chi Minh city,2000/01/01,"Like TV 100"", Some special charactor: \ / '' $ ~ & @ # ( ; """
Nguyen Van A 242,nguyenvana242@gmail.com,0123456897,Ho Chi Minh city,2000/01/01,"Like TV 100"", Some special charactor: \ / '' $ ~ & @ # ( ; """
Nguyen Van A 243,nguyenvana243@gmail.com,0123456897,Ho Chi Minh city,2000/01/01,"Like TV 100"", Some special charactor: \ / '' $ ~ & @ # ( ; """
Nguyen Van A 244,nguyenvana244@gmail.com,0123456897,Ho Chi Minh city,2000/01/01,"Like TV 100"", Some special charactor: \ / '' $ ~ & @ # ( ; """
Nguyen Van A 245,nguyenvana245@gmail.com,0123456897,Ho Chi Minh city,2000/01/01,"Like TV 100"", Some special charactor: \ / '' $ ~ & @ # ( ; """
Nguyen Van A 246,nguyenvana246@gmail.com,0123456897,Ho Chi Minh city,2000/01/01,"Like TV 100"", Some special charactor: \ / '' $ ~ & @ # ( ; """
Nguyen Van A 247,nguyenvana247@gmail.com,0123456897,Ho Chi Minh city,2000/01/01,"Like TV 100"", Some special charactor: \ / '' $ ~ & @ # ( ; """
Nguyen Van A 248,nguyenvana248@gmail.com,0123456897,Ho Chi Minh city,2000/01/01,"Like TV 100"", Some special charactor: \ / '' $ ~ & @ # ( ; """
Nguyen Van A 249,nguyenvana249@gmail.com,0123456897,Ho Chi Minh city,2000/01/01,"Like TV 100"", Some special charactor: \ / '' $ ~ & @ # ( ; """
Nguyen Van A 250,nguyenvana250@gmail.com,0123456897,Ho Chi Minh city,2000/01/01,"Like TV 100"", Some special charactor: \ / '' $ ~ & @ # ( ; """
Nguyen Van A 251,nguyenvana251@gmail.com,0123456897,Ho Chi Minh city,2000/01/01,"Like TV 100"", Some special charactor: \ / '' $ ~ & @ # ( ; """
Nguyen Van A 252,nguyenvana252@gmail.com,0123456897,Ho Chi Minh city,2000/01/01,"Like TV 100"", Some special charactor: \ / '' $ ~ & @ # ( ; """
Nguyen Van A 253,nguyenvana253@gmail.com,0123456897,Ho Chi Minh city,2000/01/01,"Like TV 100"", Some special charactor: \ / '' $ ~ & @ # ( ; """
Nguyen Van A 254,nguyenvana254@gmail.com,0123456897,Ho Chi Minh city,2000/01/01,"Like TV 100"", Some special charactor: \ / '' $ ~ & @ # ( ; """
Nguyen Van A 255,nguyenvana255@gmail.com,0123456897,Ho Chi Minh city,2000/01/01,"Like TV 100"", Some special charactor: \ / '' $ ~ & @ # ( ; """
Nguyen Van A 256,nguyenvana256@gmail.com,0123456897,Ho Chi Minh city,2000/01/01,"Like TV 100"", Some special charactor: \ / '' $ ~ & @ # ( ; """
Nguyen Van A 257,nguyenvana257@gmail.com,0123456897,Ho Chi Minh city,2000/01/01,"Like TV 100"", Some special charactor: \ / '' $ ~ & @ # ( ; """
Nguyen Van A 258,nguyenvana258@gmail.com,0123456897,Ho Chi Minh city,2000/01/01,"Like TV 100"", Some special charactor: \ / '' $ ~ & @ # ( ; """
Nguyen Van A 259,nguyenvana259@gmail.com,0123456897,Ho Chi Minh city,2000/01/01,"Like TV 100"", Some special charactor: \ / '' $ ~ & @ # ( ; """
Nguyen Van A 260,nguyenvana260@gmail.com,0123456897,Ho Chi Minh city,2000/01/01,"Like TV 100"", Some special charactor: \ / '' $ ~ & @ # ( ; """
Nguyen Van A 261,nguyenvana261@gmail.com,0123456897,Ho Chi Minh city,2000/01/01,"Like TV 100"", Some special charactor: \ / '' $ ~ & @ # ( ; """
Nguyen Van A 262,nguyenvana262@gmail.com,0123456897,Ho Chi Minh city,2000/01/01,"Like TV 100"", Some special charactor: \ / '' $ ~ & @ # ( ; """
Nguyen Van A 263,nguyenvana263@gmail.com,0123456897,Ho Chi Minh city,2000/01/01,"Like TV 100"", Some special charactor: \ / '' $ ~ & @ # ( ; """
Nguyen Van A 264,nguyenvana264@gmail.com,0123456897,Ho Chi Minh city,2000/01/01,"Like TV 100"", Some special charactor: \ / '' $ ~ & @ # ( ; """
Nguyen Van A 265,nguyenvana265@gmail.com,0123456897,Ho Chi Minh city,2000/01/01,"Like TV 100"", Some special charactor: \ / '' $ ~ & @ # ( ; """
Nguyen Van A 266,nguyenvana266@gmail.com,0123456897,Ho Chi Minh city,2000/01/01,"Like TV 100"", Some special charactor: \ / '' $ ~ & @ # ( ; """
Nguyen Van A 267,nguyenvana267@gmail.com,0123456897,Ho Chi Minh city,2000/01/01,"Like TV 100"", Some special charactor: \ / '' $ ~ & @ # ( ; """
Nguyen Van A 268,nguyenvana268@gmail.com,0123456897,Ho Chi Minh city,2000/01/01,"Like TV 100"", Some special charactor: \ / '' $ ~ & @ # ( ; """
Nguyen Van A 269,nguyenvana269@gmail.com,0123456897,Ho Chi Minh city,2000/01/01,"Like TV 100"", Some special charactor: \ / '' $ ~ & @ # ( ; """
Nguyen Van A 270,nguyenvana270@gmail.com,0123456897,Ho Chi Minh city,2000/01/01,"Like TV 100"", Some special charactor: \ / '' $ ~ & @ # ( ; """
Nguyen Van A 271,nguyenvana271@gmail.com,0123456897,Ho Chi Minh city,2000/01/01,"Like TV 100"", Some special charactor: \ / '' $ ~ & @ # ( ; """
Nguyen Van A 272,nguyenvana272@gmail.com,0123456897,Ho Chi Minh city,2000/01/01,"Like TV 100"", Some special charactor: \ / '' $ ~ & @ # ( ; """
Nguyen Van A 273,nguyenvana273@gmail.com,0123456897,Ho Chi Minh city,2000/01/01,"Like TV 100"", Some special charactor: \ / '' $ ~ & @ # ( ; """
Nguyen Van A 274,nguyenvana274@gmail.com,0123456897,Ho Chi Minh city,2000/01/01,"Like TV 100"", Some special charactor: \ / '' $ ~ & @ # ( ; """
Nguyen Van A 275,nguyenvana275@gmail.com,0123456897,Ho Chi Minh city,2000/01/01,"Like TV 100"", Some special charactor: \ / '' $ ~ & @ # ( ; """
Nguyen Van A 276,nguyenvana276@gmail.com,0123456897,Ho Chi Minh city,2000/01/01,"Like TV 100"", Some special charactor: \ / '' $ ~ & @ # ( ; """
Nguyen Van A 277,nguyenvana277@gmail.com,0123456897,Ho Chi Minh city,2000/01/01,"Like TV 100"", Some special charactor: \ / '' $ ~ & @ # ( ; """
Nguyen Van A 278,nguyenvana278@gmail.com,0123456897,Ho Chi Minh city,2000/01/01,"Like TV 100"", Some special charactor: \ / '' $ ~ & @ # ( ; """
Nguyen Van A 279,nguyenvana279@gmail.com,0123456897,Ho Chi Minh city,2000/01/01,"Like TV 100"", Some special charactor: \ / '' $ ~ & @ # ( ; """
Nguyen Van A 280,nguyenvana280@gmail.com,0123456897,Ho Chi Minh city,2000/01/01,"Like TV 100"", Some special charactor: \ / '' $ ~ & @ # ( ; """
Nguyen Van A 281,nguyenvana281@gmail.com,0123456897,Ho Chi Minh city,2000/01/01,"Like TV 100"", Some special charactor: \ / '' $ ~ & @ # ( ; """
Nguyen Van A 282,nguyenvana282@gmail.com,0123456897,Ho Chi Minh city,2000/01/01,"Like TV 100"", Some special charactor: \ / '' $ ~ & @ # ( ; """
Nguyen Van A 283,nguyenvana283@gmail.com,0123456897,Ho Chi Minh city,2000/01/01,"Like TV 100"", Some special charactor: \ / '' $ ~ & @ # ( ; """
Nguyen Van A 284,nguyenvana284@gmail.com,0123456897,Ho Chi Minh city,2000/01/01,"Like TV 100"", Some special charactor: \ / '' $ ~ & @ # ( ; """
Nguyen Van A 285,nguyenvana285@gmail.com,0123456897,Ho Chi Minh city,2000/01/01,"Like TV 100"", Some special charactor: \ / '' $ ~ & @ # ( ; """
Nguyen Van A 286,nguyenvana286@gmail.com,0123456897,Ho Chi Minh city,2000/01/01,"Like TV 100"", Some special charactor: \ / '' $ ~ & @ # ( ; """
Nguyen Van A 287,nguyenvana287@gmail.com,0123456897,Ho Chi Minh city,2000/01/01,"Like TV 100"", Some special charactor: \ / '' $ ~ & @ # ( ; """
Nguyen Van A 288,nguyenvana288@gmail.com,0123456897,Ho Chi Minh city,2000/01/01,"Like TV 100"", Some special charactor: \ / '' $ ~ & @ # ( ; """
Nguyen Van A 289,nguyenvana289@gmail.com,0123456897,Ho Chi Minh city,2000/01/01,"Like TV 100"", Some special charactor: \ / '' $ ~ & @ # ( ; """
Nguyen Van A 290,nguyenvana290@gmail.com,0123456897,Ho Chi Minh city,2000/01/01,"Like TV 100"", Some special charactor: \ / '' $ ~ & @ # ( ; """
Nguyen Van A 291,nguyenvana291@gmail.com,0123456897,Ho Chi Minh city,2000/01/01,"Like TV 100"", Some special charactor: \ / '' $ ~ & @ # ( ; """
Nguyen Van A 292,nguyenvana292@gmail.com,0123456897,Ho Chi Minh city,2000/01/01,"Like TV 100"", Some special charactor: \ / '' $ ~ & @ # ( ; """
Nguyen Van A 293,nguyenvana293@gmail.com,0123456897,Ho Chi Minh city,2000/01/01,"Like TV 100"", Some special charactor: \ / '' $ ~ & @ # ( ; """
Nguyen Van A 294,nguyenvana294@gmail.com,0123456897,Ho Chi Minh city,2000/01/01,"Like TV 100"", Some special charactor: \ / '' $ ~ & @ # ( ; """
Nguyen Van A 295,nguyenvana295@gmail.com,0123456897,Ho Chi Minh city,2000/01/01,"Like TV 100"", Some special charactor: \ / '' $ ~ & @ # ( ; """
Nguyen Van A 296,nguyenvana296@gmail.com,0123456897,Ho Chi Minh city,2000/01/01,"Like TV 100"", Some special charactor: \ / '' $ ~ & @ # ( ; """
Nguyen Van A 297,nguyenvana297@gmail.com,0123456897,Ho Chi Minh city,2000/01/01,"Like TV 100"", Some special charactor: \ / '' $ ~ & @ # ( ; """
Nguyen Van A 298,nguyenvana298@gmail.com,0123456897,Ho Chi Minh city,2000/01/01,"Like TV 100"", Some special charactor: \ / '' $ ~ & @ # ( ; """
Nguyen Van A 299,nguyenvana299@gmail.com,0123456897,Ho Chi Minh city,2000/01/01,"Like TV 100"", Some special charactor: \ / '' $ ~ & @ # ( ; """
Nguyen Van A 300,nguyenvana300@gmail.com,0123456897,Ho Chi Minh city,2000/01/01,"Like TV 100"", Some special charactor: \ / '' $ ~ & @ # ( ; """
Nguyen Van A 301,nguyenvana301@gmail.com,0123456897,Ho Chi Minh city,2000/01/01,"Like TV 100"", Some special charactor: \ / '' $ ~ & @ # ( ; """
Nguyen Van A 302,nguyenvana302@gmail.com,0123456897,Ho Chi Minh city,2000/01/01,"Like TV 100"", Some special charactor: \ / '' $ ~ & @ # ( ; """
Nguyen Van A 303,nguyenvana303@gmail.com,0123456897,Ho Chi Minh city,2000/01/01,"Like TV 100"", Some special charactor: \ / '' $ ~ & @ # ( ; """
Nguyen Van A 304,nguyenvana304@gmail.com,0123456897,Ho Chi Minh city,2000/01/01,"Like TV 100"", Some special charactor: \ / '' $ ~ & @ # ( ; """
Nguyen Van A 305,nguyenvana305@gmail.com,0123456897,Ho Chi Minh city,2000/01/01,"Like TV 100"", Some special charactor: \ / '' $ ~ & @ # ( ; """
Nguyen Van A 306,nguyenvana306@gmail.com,0123456897,Ho Chi Minh city,2000/01/01,"Like TV 100"", Some special charactor: \ / '' $ ~ & @ # ( ; """
Nguyen Van A 307,nguyenvana307@gmail.com,0123456897,Ho Chi Minh city,2000/01/01,"Like TV 100"", Some special charactor: \ / '' $ ~ & @ # ( ; """
Nguyen Van A 308,nguyenvana308@gmail.com,0123456897,Ho Chi Minh city,2000/01/01,"Like TV 100"", Some special charactor: \ / '' $ ~ & @ # ( ; """
Nguyen Van A 309,nguyenvana309@gmail.com,0123456897,Ho Chi Minh city,2000/01/01,"Like TV 100"", Some special charactor: \ / '' $ ~ & @ # ( ; """
Nguyen Van A 310,nguyenvana310@gmail.com,0123456897,Ho Chi Minh city,2000/01/01,"Like TV 100"", Some special charactor: \ / '' $ ~ & @ # ( ; """
Nguyen Van A 311,nguyenvana311@gmail.com,0123456897,Ho Chi Minh city,2000/01/01,"Like TV 100"", Some special charactor: \ / '' $ ~ & @ # ( ; """
Nguyen Van A 312,nguyenvana312@gmail.com,0123456897,Ho Chi Minh city,2000/01/01,"Like TV 100"", Some special charactor: \ / '' $ ~ & @ # ( ; """
Nguyen Van A 313,nguyenvana313@gmail.com,0123456897,Ho Chi Minh city,2000/01/01,"Like TV 100"", Some special charactor: \ / '' $ ~ & @ # ( ; """
Nguyen Van A 314,nguyenvana314@gmail.com,0123456897,Ho Chi Minh city,2000/01/01,"Like TV 100"", Some special charactor: \ / '' $ ~ & @ # ( ; """
Nguyen Van A 315,nguyenvana315@gmail.com,0123456897,Ho Chi Minh city,2000/01/01,"Like TV 100"", Some special charactor: \ / '' $ ~ & @ # ( ; """
Nguyen Van A 316,nguyenvana316@gmail.com,0123456897,Ho Chi Minh city,2000/01/01,"Like TV 100"", Some special charactor: \ / '' $ ~ & @ # ( ; """
Nguyen Van A 317,nguyenvana317@gmail.com,0123456897,Ho Chi Minh city,2000/01/01,"Like TV 100"", Some special charactor: \ / '' $ ~ & @ # ( ; """
Nguyen Van A 318,nguyenvana318@gmail.com,0123456897,Ho Chi Minh city,2000/01/01,"Like TV 100"", Some special charactor: \ / '' $ ~ & @ # ( ; """
Nguyen Van A 319,nguyenvana319@gmail.com,0123456897,Ho Chi Minh city,2000/01/01,"Like TV 100"", Some special charactor: \ / '' $ ~ & @ # ( ; """
Nguyen Van A 320,nguyenvana320@gmail.com,0123456897,Ho Chi Minh city,2000/01/01,"Like TV 100"", Some special charactor: \ / '' $ ~ & @ # ( ; """
Nguyen Van A 321,nguyenvana321@gmail.com,0123456897,Ho Chi Minh city,2000/01/01,"Like TV 100"", Some special charactor: \ / '' $ ~ & @ # ( ; """
Nguyen Van A 322,nguyenvana322@gmail.com,0123456897,Ho Chi Minh city,2000/01/01,"Like TV 100"", Some special charactor: \ / '' $ ~ & @ # ( ; """
Nguyen Van A 323,nguyenvana323@gmail.com,0123456897,Ho Chi Minh city,2000/01/01,"Like TV 100"", Some special charactor: \ / '' $ ~ & @ # ( ; """
Nguyen Van A 324,nguyenvana324@gmail.com,0123456897,Ho Chi Minh city,2000/01/01,"Like TV 100"", Some special charactor: \ / '' $ ~ & @ # ( ; """
Nguyen Van A 325,nguyenvana325@gmail.com,0123456897,Ho Chi Minh city,2000/01/01,"Like TV 100"", Some special charactor: \ / '' $ ~ & @ # ( ; """
Nguyen Van A 326,nguyenvana326@gmail.com,0123456897,Ho Chi Minh city,2000/01/01,"Like TV 100"", Some special charactor: \ / '' $ ~ & @ # ( ; """
Nguyen Van A 327,nguyenvana327@gmail.com,0123456897,Ho Chi Minh city,2000/01/01,"Like TV 100"", Some special charactor: \ / '' $ ~ & @ # ( ; """
Nguyen Van A 328,nguyenvana328@gmail.com,0123456897,Ho Chi Minh city,2000/01/01,"Like TV 100"", Some special charactor: \ / '' $ ~ & @ # ( ; """
Nguyen Van A 329,nguyenvana329@gmail.com,0123456897,Ho Chi Minh city,2000/01/01,"Like TV 100"", Some special charactor: \ / '' $ ~ & @ # ( ; """
Nguyen Van A 330,nguyenvana330@gmail.com,0123456897,Ho Chi Minh city,2000/01/01,"Like TV 100"", Some special charactor: \ / '' $ ~ & @ # ( ; """
Nguyen Van A 331,nguyenvana331@gmail.com,0123456897,Ho Chi Minh city,2000/01/01,"Like TV 100"", Some special charactor: \ / '' $ ~ & @ # ( ; """
Nguyen Van A 332,nguyenvana332@gmail.com,0123456897,Ho Chi Minh city,2000/01/01,"Like TV 100"", Some special charactor: \ / '' $ ~ & @ # ( ; """
Nguyen Van A 333,nguyenvana333@gmail.com,0123456897,Ho Chi Minh city,2000/01/01,"Like TV 100"", Some special charactor: \ / '' $ ~ & @ # ( ; """
Nguyen Van A 334,nguyenvana334@gmail.com,0123456897,Ho Chi Minh city,2000/01/01,"Like TV 100"", Some special charactor: \ / '' $ ~ & @ # ( ; """
Nguyen Van A 335,nguyenvana335@gmail.com,0123456897,Ho Chi Minh city,2000/01/01,"Like TV 100"", Some special charactor: \ / '' $ ~ & @ # ( ; """
Nguyen Van A 336,nguyenvana336@gmail.com,0123456897,Ho Chi Minh city,2000/01/01,"Like TV 100"", Some special charactor: \ / '' $ ~ & @ # ( ; """
Nguyen Van A 337,nguyenvana337@gmail.com,0123456897,Ho Chi Minh city,2000/01/01,"Like TV 100"", Some special charactor: \ / '' $ ~ & @ # ( ; """
Nguyen Van A 338,nguyenvana338@gmail.com,0123456897,Ho Chi Minh city,2000/01/01,"Like TV 100"", Some special charactor: \ / '' $ ~ & @ # ( ; """
Nguyen Van A 339,nguyenvana339@gmail.com,0123456897,Ho Chi Minh city,2000/01/01,"Like TV 100"", Some special charactor: \ / '' $ ~ & @ # ( ; """
Nguyen Van A 340,nguyenvana340@gmail.com,0123456897,Ho Chi Minh city,2000/01/01,"Like TV 100"", Some special charactor: \ / '' $ ~ & @ # ( ; """
Nguyen Van A 341,nguyenvana341@gmail.com,0123456897,Ho Chi Minh city,2000/01/01,"Like TV 100"", Some special charactor: \ / '' $ ~ & @ # ( ; """
Nguyen Van A 342,nguyenvana342@gmail.com,0123456897,Ho Chi Minh city,2000/01/01,"Like TV 100"", Some special charactor: \ / '' $ ~ & @ # ( ; """
Nguyen Van A 343,nguyenvana343@gmail.com,0123456897,Ho Chi Minh city,2000/01/01,"Like TV 100"", Some special charactor: \ / '' $ ~ & @ # ( ; """
Nguyen Van A 344,nguyenvana344@gmail.com,0123456897,Ho Chi Minh city,2000/01/01,"Like TV 100"", Some special charactor: \ / '' $ ~ & @ # ( ; """
Nguyen Van A 345,nguyenvana345@gmail.com,0123456897,Ho Chi Minh city,2000/01/01,"Like TV 100"", Some special charactor: \ / '' $ ~ & @ # ( ; """
Nguyen Van A 346,nguyenvana346@gmail.com,0123456897,Ho Chi Minh city,2000/01/01,"Like TV 100"", Some special charactor: \ / '' $ ~ & @ # ( ; """
Nguyen Van A 347,nguyenvana347@gmail.com,0123456897,Ho Chi Minh city,2000/01/01,"Like TV 100"", Some special charactor: \ / '' $ ~ & @ # ( ; """
Nguyen Van A 348,nguyenvana348@gmail.com,0123456897,Ho Chi Minh city,2000/01/01,"Like TV 100"", Some special charactor: \ / '' $ ~ & @ # ( ; """
Nguyen Van A 349,nguyenvana349@gmail.com,0123456897,Ho Chi Minh city,2000/01/01,"Like TV 100"", Some special charactor: \ / '' $ ~ & @ # ( ; """
Nguyen Van A 350,nguyenvana350@gmail.com,0123456897,Ho Chi Minh city,2000/01/01,"Like TV 100"", Some special charactor: \ / '' $ ~ & @ # ( ; """
Nguyen Van A 351,nguyenvana351@gmail.com,0123456897,Ho Chi Minh city,2000/01/01,"Like TV 100"", Some special charactor: \ / '' $ ~ & @ # ( ; """
Nguyen Van A 352,nguyenvana352@gmail.com,0123456897,Ho Chi Minh city,2000/01/01,"Like TV 100"", Some special charactor: \ / '' $ ~ & @ # ( ; """
Nguyen Van A 353,nguyenvana353@gmail.com,0123456897,Ho Chi Minh city,2000/01/01,"Like TV 100"", Some special charactor: \ / '' $ ~ & @ # ( ; """
Nguyen Van A 354,nguyenvana354@gmail.com,0123456897,Ho Chi Minh city,2000/01/01,"Like TV 100"", Some special charactor: \ / '' $ ~ & @ # ( ; """
Nguyen Van A 355,nguyenvana355@gmail.com,0123456897,Ho Chi Minh city,2000/01/01,"Like TV 100"", Some special charactor: \ / '' $ ~ & @ # ( ; """
Nguyen Van A 356,nguyenvana356@gmail.com,0123456897,Ho Chi Minh city,2000/01/01,"Like TV 100"", Some special charactor: \ / '' $ ~ & @ # ( ; """
Nguyen Van A 357,nguyenvana357@gmail.com,0123456897,Ho Chi Minh city,2000/01/01,"Like TV 100"", Some special charactor: \ / '' $ ~ & @ # ( ; """
Nguyen Van A 358,nguyenvana358@gmail.com,0123456897,Ho Chi Minh city,2000/01/01,"Like TV 100"", Some special charactor: \ / '' $ ~ & @ # ( ; """
Nguyen Van A 359,nguyenvana359@gmail.com,0123456897,Ho Chi Minh city,2000/01/01,"Like TV 100"", Some special charactor: \ / '' $ ~ & @ # ( ; """
Nguyen Van A 360,nguyenvana360@gmail.com,0123456897,Ho Chi Minh city,2000/01/01,"Like TV 100"", Some special charactor: \ / '' $ ~ & @ # ( ; """
Nguyen Van A 361,nguyenvana361@gmail.com,0123456897,Ho Chi Minh city,2000/01/01,"Like TV 100"", Some special charactor: \ / '' $ ~ & @ # ( ; """
Nguyen Van A 362,nguyenvana362@gmail.com,0123456897,Ho Chi Minh city,2000/01/01,"Like TV 100"", Some special charactor: \ / '' $ ~ & @ # ( ; """
Nguyen Van A 363,nguyenvana363@gmail.com,0123456897,Ho Chi Minh city,2000/01/01,"Like TV 100"", Some special charactor: \ / '' $ ~ & @ # ( ; """
Nguyen Van A 364,nguyenvana364@gmail.com,0123456897,Ho Chi Minh city,2000/01/01,"Like TV 100"", Some special charactor: \ / '' $ ~ & @ # ( ; """
Nguyen Van A 365,nguyenvana365@gmail.com,0123456897,Ho Chi Minh city,2000/01/01,"Like TV 100"", Some special charactor: \ / '' $ ~ & @ # ( ; """
Nguyen Van A 366,nguyenvana366@gmail.com,0123456897,Ho Chi Minh city,2000/01/01,"Like TV 100"", Some special charactor: \ / '' $ ~ & @ # ( ; """
Nguyen Van A 367,nguyenvana367@gmail.com,0123456897,Ho Chi Minh city,2000/01/01,"Like TV 100"", Some special charactor: \ / '' $ ~ & @ # ( ; """
Nguyen Van A 368,nguyenvana368@gmail.com,0123456897,Ho Chi Minh city,2000/01/01,"Like TV 100"", Some special charactor: \ / '' $ ~ & @ # ( ; """
Nguyen Van A 369,nguyenvana369@gmail.com,0123456897,Ho Chi Minh city,2000/01/01,"Like TV 100"", Some special charactor: \ / '' $ ~ & @ # ( ; """
Nguyen Van A 370,nguyenvana370@gmail.com,0123456897,Ho Chi Minh city,2000/01/01,"Like TV 100"", Some special charactor: \ / '' $ ~ & @ # ( ; """
Nguyen Van A 371,nguyenvana371@gmail.com,0123456897,Ho Chi Minh city,2000/01/01,"Like TV 100"", Some special charactor: \ / '' $ ~ & @ # ( ; """
Nguyen Van A 372,nguyenvana372@gmail.com,0123456897,Ho Chi Minh city,2000/01/01,"Like TV 100"", Some special charactor: \ / '' $ ~ & @ # ( ; """
Nguyen Van A 373,nguyenvana373@gmail.com,0123456897,Ho Chi Minh city,2000/01/01,"Like TV 100"", Some special charactor: \ / '' $ ~ & @ # ( ; """
Nguyen Van A 374,nguyenvana374@gmail.com,0123456897,Ho Chi Minh city,2000/01/01,"Like TV 100"", Some special charactor: \ / '' $ ~ & @ # ( ; """
Nguyen Van A 375,nguyenvana375@gmail.com,0123456897,Ho Chi Minh city,2000/01/01,"Like TV 100"", Some special charactor: \ / '' $ ~ & @ # ( ; """
Nguyen Van A 376,nguyenvana376@gmail.com,0123456897,Ho Chi Minh city,2000/01/01,"Like TV 100"", Some special charactor: \ / '' $ ~ & @ # ( ; """
Nguyen Van A 377,nguyenvana377@gmail.com,0123456897,Ho Chi Minh city,2000/01/01,"Like TV 100"", Some special charactor: \ / '' $ ~ & @ # ( ; """
Nguyen Van A 378,nguyenvana378@gmail.com,0123456897,Ho Chi Minh city,2000/01/01,"Like TV 100"", Some special charactor: \ / '' $ ~ & @ # ( ; """
Nguyen Van A 379,nguyenvana379@gmail.com,0123456897,Ho Chi Minh city,2000/01/01,"Like TV 100"", Some special charactor: \ / '' $ ~ & @ # ( ; """
Nguyen Van A 380,nguyenvana380@gmail.com,0123456897,Ho Chi Minh city,2000/01/01,"Like TV 100"", Some special charactor: \ / '' $ ~ & @ # ( ; """
Nguyen Van A 381,nguyenvana381@gmail.com,0123456897,Ho Chi Minh city,2000/01/01,"Like TV 100"", Some special charactor: \ / '' $ ~ & @ # ( ; """
Nguyen Van A 382,nguyenvana382@gmail.com,0123456897,Ho Chi Minh city,2000/01/01,"Like TV 100"", Some special charactor: \ / '' $ ~ & @ # ( ; """
Nguyen Van A 383,nguyenvana383@gmail.com,0123456897,Ho Chi Minh city,2000/01/01,"Like TV 100"", Some special charactor: \ / '' $ ~ & @ # ( ; """
Nguyen Van A 384,nguyenvana384@gmail.com,0123456897,Ho Chi Minh city,2000/01/01,"Like TV 100"", Some special charactor: \ / '' $ ~ & @ # ( ; """
Nguyen Van A 385,nguyenvana385@gmail.com,0123456897,Ho Chi Minh city,2000/01/01,"Like TV 100"", Some special charactor: \ / '' $ ~ & @ # ( ; """
Nguyen Van A 386,nguyenvana386@gmail.com,0123456897,Ho Chi Minh city,2000/01/01,"Like TV 100"", Some special charactor: \ / '' $ ~ & @ # ( ; """
Nguyen Van A 387,nguyenvana387@gmail.com,0123456897,Ho Chi Minh city,2000/01/01,"Like TV 100"", Some special charactor: \ / '' $ ~ & @ # ( ; """
Nguyen Van A 388,nguyenvana388@gmail.com,0123456897,Ho Chi Minh city,2000/01/01,"Like TV 100"", Some special charactor: \ / '' $ ~ & @ # ( ; """
Nguyen Van A 389,nguyenvana389@gmail.com,0123456897,Ho Chi Minh city,2000/01/01,"Like TV 100"", Some special charactor: \ / '' $ ~ & @ # ( ; """
Nguyen Van A 390,nguyenvana390@gmail.com,0123456897,Ho Chi Minh city,2000/01/01,"Like TV 100"", Some special charactor: \ / '' $ ~ & @ # ( ; """
Nguyen Van A 391,nguyenvana391@gmail.com,0123456897,Ho Chi Minh city,2000/01/01,"Like TV 100"", Some special charactor: \ / '' $ ~ & @ # ( ; """
Nguyen Van A 392,nguyenvana392@gmail.com,0123456897,Ho Chi Minh city,2000/01/01,"Like TV 100"", Some special charactor: \ / '' $ ~ & @ # ( ; """
Nguyen Van A 393,nguyenvana393@gmail.com,0123456897,Ho Chi Minh city,2000/01/01,"Like TV 100"", Some special charactor: \ / '' $ ~ & @ # ( ; """
Nguyen Van A 394,nguyenvana394@gmail.com,0123456897,Ho Chi Minh city,2000/01/01,"Like TV 100"", Some special charactor: \ / '' $ ~ & @ # ( ; """
Nguyen Van A 395,nguyenvana395@gmail.com,0123456897,Ho Chi Minh city,2000/01/01,"Like TV 100"", Some special charactor: \ / '' $ ~ & @ # ( ; """
Nguyen Van A 396,nguyenvana396@gmail.com,0123456897,Ho Chi Minh city,2000/01/01,"Like TV 100"", Some special charactor: \ / '' $ ~ & @ # ( ; """
Nguyen Van A 397,nguyenvana397@gmail.com,0123456897,Ho Chi Minh city,2000/01/01,"Like TV 100"", Some special charactor: \ / '' $ ~ & @ # ( ; """
Nguyen Van A 398,nguyenvana398@gmail.com,0123456897,Ho Chi Minh city,2000/01/01,"Like TV 100"", Some special charactor: \ / '' $ ~ & @ # ( ; """
Nguyen Van A 399,nguyenvana399@gmail.com,0123456897,Ho Chi Minh city,2000/01/01,"Like TV 100"", Some special charactor: \ / '' $ ~ & @ # ( ; """
Nguyen Van A 400,nguyenvana400@gmail.com,0123456897,Ho Chi Minh city,2000/01/01,"Like TV 100"", Some special charactor: \ / '' $ ~ & @ # ( ; """
Nguyen Van A 401,nguyenvana401@gmail.com,0123456897,Ho Chi Minh city,2000/01/01,"Like TV 100"", Some special charactor: \ / '' $ ~ & @ # ( ; """
Nguyen Van A 402,nguyenvana402@gmail.com,0123456897,Ho Chi Minh city,2000/01/01,"Like TV 100"", Some special charactor: \ / '' $ ~ & @ # ( ; """
Nguyen Van A 403,nguyenvana403@gmail.com,0123456897,Ho Chi Minh city,2000/01/01,"Like TV 100"", Some special charactor: \ / '' $ ~ & @ # ( ; """
Nguyen Van A 404,nguyenvana404@gmail.com,0123456897,Ho Chi Minh city,2000/01/01,"Like TV 100"", Some special charactor: \ / '' $ ~ & @ # ( ; """
Nguyen Van A 405,nguyenvana405@gmail.com,0123456897,Ho Chi Minh city,2000/01/01,"Like TV 100"", Some special charactor: \ / '' $ ~ & @ # ( ; """
Nguyen Van A 406,nguyenvana406@gmail.com,0123456897,Ho Chi Minh city,2000/01/01,"Like TV 100"", Some special charactor: \ / '' $ ~ & @ # ( ; """
Nguyen Van A 407,nguyenvana407@gmail.com,0123456897,Ho Chi Minh city,2000/01/01,"Like TV 100"", Some special charactor: \ / '' $ ~ & @ # ( ; """
Nguyen Van A 408,nguyenvana408@gmail.com,0123456897,Ho Chi Minh city,2000/01/01,"Like TV 100"", Some special charactor: \ / '' $ ~ & @ # ( ; """
Nguyen Van A 409,nguyenvana409@gmail.com,0123456897,Ho Chi Minh city,2000/01/01,"Like TV 100"", Some special charactor: \ / '' $ ~ & @ # ( ; """
Nguyen Van A 410,nguyenvana410@gmail.com,0123456897,Ho Chi Minh city,2000/01/01,"Like TV 100"", Some special charactor: \ / '' $ ~ & @ # ( ; """
Nguyen Van A 411,nguyenvana411@gmail.com,0123456897,Ho Chi Minh city,2000/01/01,"Like TV 100"", Some special charactor: \ / '' $ ~ & @ # ( ; """
Nguyen Van A 412,nguyenvana412@gmail.com,0123456897,Ho Chi Minh city,2000/01/01,"Like TV 100"", Some special charactor: \ / '' $ ~ & @ # ( ; """
Nguyen Van A 413,nguyenvana413@gmail.com,0123456897,Ho Chi Minh city,2000/01/01,"Like TV 100"", Some special charactor: \ / '' $ ~ & @ # ( ; """
Nguyen Van A 414,nguyenvana414@gmail.com,0123456897,Ho Chi Minh city,2000/01/01,"Like TV 100"", Some special charactor: \ / '' $ ~ & @ # ( ; """
Nguyen Van A 415,nguyenvana415@gmail.com,0123456897,Ho Chi Minh city,2000/01/01,"Like TV 100"", Some special charactor: \ / '' $ ~ & @ # ( ; """
Nguyen Van A 416,nguyenvana416@gmail.com,0123456897,Ho Chi Minh city,2000/01/01,"Like TV 100"", Some special charactor: \ / '' $ ~ & @ # ( ; """
Nguyen Van A 417,nguyenvana417@gmail.com,0123456897,Ho Chi Minh city,2000/01/01,"Like TV 100"", Some special charactor: \ / '' $ ~ & @ # ( ; """
Nguyen Van A 418,nguyenvana418@gmail.com,0123456897,Ho Chi Minh city,2000/01/01,"Like TV 100"", Some special charactor: \ / '' $ ~ & @ # ( ; """
Nguyen Van A 419,nguyenvana419@gmail.com,0123456897,Ho Chi Minh city,2000/01/01,"Like TV 100"", Some special charactor: \ / '' $ ~ & @ # ( ; """
Nguyen Van A 420,nguyenvana420@gmail.com,0123456897,Ho Chi Minh city,2000/01/01,"Like TV 100"", Some special charactor: \ / '' $ ~ & @ # ( ; """
Nguyen Van A 421,nguyenvana421@gmail.com,0123456897,Ho Chi Minh city,2000/01/01,"Like TV 100"", Some special charactor: \ / '' $ ~ & @ # ( ; """
Nguyen Van A 422,nguyenvana422@gmail.com,0123456897,Ho Chi Minh city,2000/01/01,"Like TV 100"", Some special charactor: \ / '' $ ~ & @ # ( ; """
Nguyen Van A 423,nguyenvana423@gmail.com,0123456897,Ho Chi Minh city,2000/01/01,"Like TV 100"", Some special charactor: \ / '' $ ~ & @ # ( ; """
Nguyen Van A 424,nguyenvana424@gmail.com,0123456897,Ho Chi Minh city,2000/01/01,"Like TV 100"", Some special charactor: \ / '' $ ~ & @ # ( ; """
Nguyen Van A 425,nguyenvana425@gmail.com,0123456897,Ho Chi Minh city,2000/01/01,"Like TV 100"", Some special charactor: \ / '' $ ~ & @ # ( ; """
Nguyen Van A 426,nguyenvana426@gmail.com,0123456897,Ho Chi Minh city,2000/01/01,"Like TV 100"", Some special charactor: \ / '' $ ~ & @ # ( ; """
Nguyen Van A 427,nguyenvana427@gmail.com,0123456897,Ho Chi Minh city,2000/01/01,"Like TV 100"", Some special charactor: \ / '' $ ~ & @ # ( ; """
Nguyen Van A 428,nguyenvana428@gmail.com,0123456897,Ho Chi Minh city,2000/01/01,"Like TV 100"", Some special charactor: \ / '' $ ~ & @ # ( ; """
Nguyen Van A 429,nguyenvana429@gmail.com,0123456897,Ho Chi Minh city,2000/01/01,"Like TV 100"", Some special charactor: \ / '' $ ~ & @ # ( ; """
Nguyen Van A 430,nguyenvana430@gmail.com,0123456897,Ho Chi Minh city,2000/01/01,"Like TV 100"", Some special charactor: \ / '' $ ~ & @ # ( ; """
Nguyen Van A 431,nguyenvana431@gmail.com,0123456897,Ho Chi Minh city,2000/01/01,"Like TV 100"", Some special charactor: \ / '' $ ~ & @ # ( ; """
Nguyen Van A 432,nguyenvana432@gmail.com,0123456897,Ho Chi Minh city,2000/01/01,"Like TV 100"", Some special charactor: \ / '' $ ~ & @ # ( ; """
Nguyen Van A 433,nguyenvana433@gmail.com,0123456897,Ho Chi Minh city,2000/01/01,"Like TV 100"", Some special charactor: \ / '' $ ~ & @ # ( ; """
Nguyen Van A 434,nguyenvana434@gmail.com,0123456897,Ho Chi Minh city,2000/01/01,"Like TV 100"", Some special charactor: \ / '' $ ~ & @ # ( ; """
Nguyen Van A 435,nguyenvana435@gmail.com,0123456897,Ho Chi Minh city,2000/01/01,"Like TV 100"", Some special charactor: \ / '' $ ~ & @ # ( ; """
Nguyen Van A 436,nguyenvana436@gmail.com,0123456897,Ho Chi Minh city,2000/01/01,"Like TV 100"", Some special charactor: \ / '' $ ~ & @ # ( ; """
Nguyen Van A 437,nguyenvana437@gmail.com,0123456897,Ho Chi Minh city,2000/01/01,"Like TV 100"", Some special charactor: \ / '' $ ~ & @ # ( ; """
Nguyen Van A 438,nguyenvana438@gmail.com,0123456897,Ho Chi Minh city,2000/01/01,"Like TV 100"", Some special charactor: \ / '' $ ~ & @ # ( ; """
Nguyen Van A 439,nguyenvana439@gmail.com,0123456897,Ho Chi Minh city,2000/01/01,"Like TV 100"", Some special charactor: \ / '' $ ~ & @ # ( ; """
Nguyen Van A 440,nguyenvana440@gmail.com,0123456897,Ho Chi Minh city,2000/01/01,"Like TV 100"", Some special charactor: \ / '' $ ~ & @ # ( ; """
Nguyen Van A 441,nguyenvana441@gmail.com,0123456897,Ho Chi Minh city,2000/01/01,"Like TV 100"", Some special charactor: \ / '' $ ~ & @ # ( ; """
Nguyen Van A 442,nguyenvana442@gmail.com,0123456897,Ho Chi Minh city,2000/01/01,"Like TV 100"", Some special charactor: \ / '' $ ~ & @ # ( ; """
Nguyen Van A 443,nguyenvana443@gmail.com,0123456897,Ho Chi Minh city,2000/01/01,"Like TV 100"", Some special charactor: \ / '' $ ~ & @ # ( ; """
Nguyen Van A 444,nguyenvana444@gmail.com,0123456897,Ho Chi Minh city,2000/01/01,"Like TV 100"", Some special charactor: \ / '' $ ~ & @ # ( ; """
Nguyen Van A 445,nguyenvana445@gmail.com,0123456897,Ho Chi Minh city,2000/01/01,"Like TV 100"", Some special charactor: \ / '' $ ~ & @ # ( ; """
Nguyen Van A 446,nguyenvana446@gmail.com,0123456897,Ho Chi Minh city,2000/01/01,"Like TV 100"", Some special charactor: \ / '' $ ~ & @ # ( ; """
Nguyen Van A 447,nguyenvana447@gmail.com,0123456897,Ho Chi Minh city,2000/01/01,"Like TV 100"", Some special charactor: \ / '' $ ~ & @ # ( ; """
Nguyen Van A 448,nguyenvana448@gmail.com,0123456897,Ho Chi Minh city,2000/01/01,"Like TV 100"", Some special charactor: \ / '' $ ~ & @ # ( ; """
Nguyen Van A 449,nguyenvana449@gmail.com,0123456897,Ho Chi Minh city,2000/01/01,"Like TV 100"", Some special charactor: \ / '' $ ~ & @ # ( ; """
Nguyen Van A 450,nguyenvana450@gmail.com,0123456897,Ho Chi Minh city,2000/01/01,"Like TV 100"", Some special charactor: \ / '' $ ~ & @ # ( ; """
Nguyen Van A 451,nguyenvana451@gmail.com,0123456897,Ho Chi Minh city,2000/01/01,"Like TV 100"", Some special charactor: \ / '' $ ~ & @ # ( ; """
Nguyen Van A 452,nguyenvana452@gmail.com,0123456897,Ho Chi Minh city,2000/01/01,"Like TV 100"", Some special charactor: \ / '' $ ~ & @ # ( ; """
Nguyen Van A 453,nguyenvana453@gmail.com,0123456897,Ho Chi Minh city,2000/01/01,"Like TV 100"", Some special charactor: \ / '' $ ~ & @ # ( ; """
Nguyen Van A 454,nguyenvana454@gmail.com,0123456897,Ho Chi Minh city,2000/01/01,"Like TV 100"", Some special charactor: \ / '' $ ~ & @ # ( ; """
Nguyen Van A 455,nguyenvana455@gmail.com,0123456897,Ho Chi Minh city,2000/01/01,"Like TV 100"", Some special charactor: \ / '' $ ~ & @ # ( ; """
Nguyen Van A 456,nguyenvana456@gmail.com,0123456897,Ho Chi Minh city,2000/01/01,"Like TV 100"", Some special charactor: \ / '' $ ~ & @ # ( ; """
Nguyen Van A 457,nguyenvana457@gmail.com,0123456897,Ho Chi Minh city,2000/01/01,"Like TV 100"", Some special charactor: \ / '' $ ~ & @ # ( ; """
Nguyen Van A 458,nguyenvana458@gmail.com,0123456897,Ho Chi Minh city,2000/01/01,"Like TV 100"", Some special charactor: \ / '' $ ~ & @ # ( ; """
Nguyen Van A 459,nguyenvana459@gmail.com,0123456897,Ho Chi Minh city,2000/01/01,"Like TV 100"", Some special charactor: \ / '' $ ~ & @ # ( ; """
Nguyen Van A 460,nguyenvana460@gmail.com,0123456897,Ho Chi Minh city,2000/01/01,"Like TV 100"", Some special charactor: \ / '' $ ~ & @ # ( ; """
Nguyen Van A 461,nguyenvana461@gmail.com,0123456897,Ho Chi Minh city,2000/01/01,"Like TV 100"", Some special charactor: \ / '' $ ~ & @ # ( ; """
Nguyen Van A 462,nguyenvana462@gmail.com,0123456897,Ho Chi Minh city,2000/01/01,"Like TV 100"", Some special charactor: \ / '' $ ~ & @ # ( ; """
Nguyen Van A 463,nguyenvana463@gmail.com,0123456897,Ho Chi Minh city,2000/01/01,"Like TV 100"", Some special charactor: \ / '' $ ~ & @ # ( ; """
Nguyen Van A 464,nguyenvana464@gmail.com,0123456897,Ho Chi Minh city,2000/01/01,"Like TV 100"", Some special charactor: \ / '' $ ~ & @ # ( ; """
Nguyen Van A 465,nguyenvana465@gmail.com,0123456897,Ho Chi Minh city,2000/01/01,"Like TV 100"", Some special charactor: \ / '' $ ~ & @ # ( ; """
Nguyen Van A 466,nguyenvana466@gmail.com,0123456897,Ho Chi Minh city,2000/01/01,"Like TV 100"", Some special charactor: \ / '' $ ~ & @ # ( ; """
Nguyen Van A 467,nguyenvana467@gmail.com,0123456897,Ho Chi Minh city,2000/01/01,"Like TV 100"", Some special charactor: \ / '' $ ~ & @ # ( ; """
Nguyen Van A 468,nguyenvana468@gmail.com,0123456897,Ho Chi Minh city,2000/01/01,"Like TV 100"", Some special charactor: \ / '' $ ~ & @ # ( ; """
Nguyen Van A 469,nguyenvana469@gmail.com,0123456897,Ho Chi Minh city,2000/01/01,"Like TV 100"", Some special charactor: \ / '' $ ~ & @ # ( ; """
Nguyen Van A 470,nguyenvana470@gmail.com,0123456897,Ho Chi Minh city,2000/01/01,"Like TV 100"", Some special charactor: \ / '' $ ~ & @ # ( ; """
Nguyen Van A 471,nguyenvana471@gmail.com,0123456897,Ho Chi Minh city,2000/01/01,"Like TV 100"", Some special charactor: \ / '' $ ~ & @ # ( ; """
Nguyen Van A 472,nguyenvana472@gmail.com,0123456897,Ho Chi Minh city,2000/01/01,"Like TV 100"", Some special charactor: \ / '' $ ~ & @ # ( ; """
Nguyen Van A 473,nguyenvana473@gmail.com,0123456897,Ho Chi Minh city,2000/01/01,"Like TV 100"", Some special charactor: \ / '' $ ~ & @ # ( ; """
Nguyen Van A 474,nguyenvana474@gmail.com,0123456897,Ho Chi Minh city,2000/01/01,"Like TV 100"", Some special charactor: \ / '' $ ~ & @ # ( ; """
Nguyen Van A 475,nguyenvana475@gmail.com,0123456897,Ho Chi Minh city,2000/01/01,"Like TV 100"", Some special charactor: \ / '' $ ~ & @ # ( ; """
Nguyen Van A 476,nguyenvana476@gmail.com,0123456897,Ho Chi Minh city,2000/01/01,"Like TV 100"", Some special charactor: \ / '' $ ~ & @ # ( ; """
Nguyen Van A 477,nguyenvana477@gmail.com,0123456897,Ho Chi Minh city,2000/01/01,"Like TV 100"", Some special charactor: \ / '' $ ~ & @ # ( ; """
Nguyen Van A 478,nguyenvana478@gmail.com,0123456897,Ho Chi Minh city,2000/01/01,"Like TV 100"", Some special charactor: \ / '' $ ~ & @ # ( ; """
Nguyen Van A 479,nguyenvana479@gmail.com,0123456897,Ho Chi Minh city,2000/01/01,"Like TV 100"", Some special charactor: \ / '' $ ~ & @ # ( ; """
Nguyen Van A 480,nguyenvana480@gmail.com,0123456897,Ho Chi Minh city,2000/01/01,"Like TV 100"", Some special charactor: \ / '' $ ~ & @ # ( ; """
Nguyen Van A 481,nguyenvana481@gmail.com,0123456897,Ho Chi Minh city,2000/01/01,"Like TV 100"", Some special charactor: \ / '' $ ~ & @ # ( ; """
Nguyen Van A 482,nguyenvana482@gmail.com,0123456897,Ho Chi Minh city,2000/01/01,"Like TV 100"", Some special charactor: \ / '' $ ~ & @ # ( ; """
Nguyen Van A 483,nguyenvana483@gmail.com,0123456897,Ho Chi Minh city,2000/01/01,"Like TV 100"", Some special charactor: \ / '' $ ~ & @ # ( ; """
Nguyen Van A 484,nguyenvana484@gmail.com,0123456897,Ho Chi Minh city,2000/01/01,"Like TV 100"", Some special charactor: \ / '' $ ~ & @ # ( ; """
Nguyen Van A 485,nguyenvana485@gmail.com,0123456897,Ho Chi Minh city,2000/01/01,"Like TV 100"", Some special charactor: \ / '' $ ~ & @ # ( ; """
Nguyen Van A 486,nguyenvana486@gmail.com,0123456897,Ho Chi Minh city,2000/01/01,"Like TV 100"", Some special charactor: \ / '' $ ~ & @ # ( ; """
Nguyen Van A 487,nguyenvana487@gmail.com,0123456897,Ho Chi Minh city,2000/01/01,"Like TV 100"", Some special charactor: \ / '' $ ~ & @ # ( ; """
Nguyen Van A 488,nguyenvana488@gmail.com,0123456897,Ho Chi Minh city,2000/01/01,"Like TV 100"", Some special charactor: \ / '' $ ~ & @ # ( ; """
Nguyen Van A 489,nguyenvana489@gmail.com,0123456897,Ho Chi Minh city,2000/01/01,"Like TV 100"", Some special charactor: \ / '' $ ~ & @ # ( ; """
Nguyen Van A 490,nguyenvana490@gmail.com,0123456897,Ho Chi Minh city,2000/01/01,"Like TV 100"", Some special charactor: \ / '' $ ~ & @ # ( ; """
Nguyen Van A 491,nguyenvana491@gmail.com,0123456897,Ho Chi Minh city,2000/01/01,"Like TV 100"", Some special charactor: \ / '' $ ~ & @ # ( ; """
Nguyen Van A 492,nguyenvana492@gmail.com,0123456897,Ho Chi Minh city,2000/01/01,"Like TV 100"", Some special charactor: \ / '' $ ~ & @ # ( ; """
Nguyen Van A 493,nguyenvana493@gmail.com,0123456897,Ho Chi Minh city,2000/01/01,"Like TV 100"", Some special charactor: \ / '' $ ~ & @ # ( ; """
Nguyen Van A 494,nguyenvana494@gmail.com,0123456897,Ho Chi Minh city,2000/01/01,"Like TV 100"", Some special charactor: \ / '' $ ~ & @ # ( ; """
Nguyen Van A 495,nguyenvana495@gmail.com,0123456897,Ho Chi Minh city,2000/01/01,"Like TV 100"", Some special charactor: \ / '' $ ~ & @ # ( ; """
Nguyen Van A 496,nguyenvana496@gmail.com,0123456897,Ho Chi Minh city,2000/01/01,"Like TV 100"", Some special charactor: \ / '' $ ~ & @ # ( ; """
Nguyen Van A 497,nguyenvana497@gmail.com,0123456897,Ho Chi Minh city,2000/01/01,"Like TV 100"", Some special charactor: \ / '' $ ~ & @ # ( ; """
Nguyen Van A 498,nguyenvana498@gmail.com,0123456897,Ho Chi Minh city,2000/01/01,"Like TV 100"", Some special charactor: \ / '' $ ~ & @ # ( ; """
Nguyen Van A 499,nguyenvana499@gmail.com,0123456897,Ho Chi Minh city,2000/01/01,"Like TV 100"", Some special charactor: \ / '' $ ~ & @ # ( ; """
Nguyen Van A 500,nguyenvana500@gmail.com,0123456897,Ho Chi Minh city,2000/01/01,"Like TV 100"", Some special charactor: \ / '' $ ~ & @ # ( ; """
